UAVrefcoord1_0,UAVrefcoord2_0UAVrefcoord3_0,UAVcoord1_0,UAVcoord2_0UAVcoord3_0
001.85082-87.4578-138.2218.92934
001.850825.10279-10.9012-3.18826
001.85082-8.17946-11.39198.34916
001.85082-3.00111-5.12494-0.915974
001.85082-1.66681-3.324033.44545
001.85082-0.455892-1.195932.15516
001.850820.0480552-0.1460521.97086
001.850820.00324120.0005991851.85327
001.85082-8.39477e-07-2.92981e-061.85082
001.850821.22917e-123.90775e-141.85082
001.850825.27113e-16-1.02319e-161.85082
001.850825.27113e-16-1.02319e-161.85082
001.85082